{"cameraMode":{"drawMode":0,"name":"Shaded","section":"Shading Mode"},"sceneLighting":false,"audioPlay":false,"sceneViewState":{"showFog":false,"showMaterialUpdate":false,"showSkybox":false,"showFlares":false,"showImageEffects":false,"showParticleSystems":true},"in2DMode":false,"pivot":{"x":0.2264995574951172,"y":-0.1232534646987915,"z":-4.917518615722656},"rotation":{"x":-0.23523466289043427,"y":0.18154633045196534,"z":-0.044777028262615207,"w":-0.953782320022583},"size":25.199268341064454,"orthographic":false}