{"cameraMode":{"drawMode":0,"name":"Shaded","section":"Shading Mode"},"sceneLighting":false,"audioPlay":false,"sceneViewState":{"showFog":false,"showMaterialUpdate":false,"showSkybox":false,"showFlares":false,"showImageEffects":false,"showParticleSystems":true},"in2DMode":false,"pivot":{"x":5.960464477539063e-8,"y":0.7500001192092896,"z":16.469999313354493},"rotation":{"x":-0.14791183173656465,"y":0.3080071806907654,"z":-0.04854198545217514,"w":-0.9385613203048706},"size":33.23728561401367,"orthographic":false}